Sport,Date,Away Team,Home Team
Volleyball,9/4/2025,Beecher,GSW
Volleyball,9/4/2025,Grant Park,Donovan
Volleyball,9/4/2025,Grace,St. Anne
Volleyball,9/4/2025,Tri-Point,Momence
Volleyball,9/4/2025,Clifton Central,IL Lutheran
Volleyball,9/9/2025,Beecher,Grant Park
Volleyball,9/9/2025,GSW,Clifton Central
Volleyball,9/9/2025,IL Lutheran,Tri-Point
Volleyball,9/9/2025,Momence,Grace
Volleyball,9/9/2025,St. Anne,Donovan
Volleyball,9/11/2025,St. Anne,Tri-Point
Volleyball,9/11/2025,Donovan,Grace
Volleyball,9/11/2025,GSW,Grant Park
Volleyball,9/11/2025,IL Lutheran,Beecher
Volleyball,9/11/2025,Momence,Clifton Central
Volleyball,9/16/2025,Clifton Central,St. Anne
Volleyball,9/16/2025,Beecher,Momence
Volleyball,9/16/2025,GSW,IL Lutheran
Volleyball,9/16/2025,Grant Park,Grace
Volleyball,9/16/2025,Tri-Point,Donovan
Volleyball,9/18/2025,Momence,GSW
Volleyball,9/18/2025,St. Anne,Beecher
Volleyball,9/18/2025,Donovan,Clifton Central
Volleyball,9/18/2025,Grace,Tri-Point
Volleyball,9/18/2025,IL Lutheran,Grant Park
Volleyball,9/23/2025,Grant Park,Tri-Point
Volleyball,9/23/2025,Clifton Central,Grace
Volleyball,9/23/2025,Beecher,Donovan
Volleyball,9/23/2025,GSW,St. Anne
Volleyball,9/23/2025,IL Lutheran,Momence
Volleyball,9/25/2025,Momence,Grant Park
Volleyball,9/25/2025,St. Anne,IL Lutheran
Volleyball,9/25/2025,Donovan,GSW
Volleyball,9/25/2025,Grace,Beecher
Volleyball,9/25/2025,Tri-Point,Clifton Central
Volleyball,9/30/2025,Momence,St. Anne
Volleyball,9/30/2025,Grant Park,Clifton Central
Volleyball,9/30/2025,Beecher,Tri-Point
Volleyball,9/30/2025,GSW,Grace
Volleyball,9/30/2025,IL Lutheran,Donovan
Volleyball,10/2/2025,Tri-Point,GSW
Volleyball,10/2/2025,Clifton Central,Beecher
Volleyball,10/2/2025,St. Anne,Grant Park
Volleyball,10/2/2025,Donovan,Momence
Volleyball,10/2/2025,Grace,IL Lutheran
Volleyball,9/3/2026,GSW,Beecher
Volleyball,9/3/2026,Donovan,Grant Park
Volleyball,9/3/2026,St. Anne,Grace
Volleyball,9/3/2026,Momence,Tri-Point
Volleyball,9/3/2026,IL Lutheran,Clifton Central
Volleyball,9/8/2026,Grant Park,Beecher
Volleyball,9/8/2026,Clifton Central,GSW
Volleyball,9/8/2026,Tri-Point,IL Lutheran
Volleyball,9/8/2026,Grace,Momence
Volleyball,9/8/2026,Donovan,St. Anne
Volleyball,9/10/2026,Tri-Point,St. Anne
Volleyball,9/10/2026,Grace,Donovan
Volleyball,9/10/2026,Grant Park,GSW
Volleyball,9/10/2026,Beecher,IL Lutheran
Volleyball,9/10/2026,Clifton Central,Momence
Volleyball,9/15/2026,St. Anne,Clifton Central
Volleyball,9/15/2026,Momence,Beecher
Volleyball,9/15/2026,IL Lutheran,GSW
Volleyball,9/15/2026,Grace,Grant Park
Volleyball,9/15/2026,Donovan,Tri-Point
Volleyball,9/17/2026,GSW,Momence
Volleyball,9/17/2026,Beecher,St. Anne
Volleyball,9/17/2026,Clifton Central,Donovan
Volleyball,9/17/2026,Tri-Point,Grace
Volleyball,9/17/2026,Grant Park,IL Lutheran
Volleyball,9/22/2026,Tri-Point,Grant Park
Volleyball,9/22/2026,Grace,Clifton Central
Volleyball,9/22/2026,Donovan,Beecher
Volleyball,9/22/2026,St. Anne,GSW
Volleyball,9/22/2026,Momence,IL Lutheran
Volleyball,9/24/2026,Grant Park,Momence
Volleyball,9/24/2026,IL Lutheran,St. Anne
Volleyball,9/24/2026,GSW,Donovan
Volleyball,9/24/2026,Beecher,Grace
Volleyball,9/24/2026,Clifton Central,Tri-Point
Volleyball,9/29/2026,St. Anne,Momence
Volleyball,9/29/2026,Clifton Central,Grant Park
Volleyball,9/29/2026,Tri-Point,Beecher
Volleyball,9/29/2026,Grace,GSW
Volleyball,9/29/2026,Donovan,IL Lutheran
Volleyball,10/1/2026,GSW,Tri-Point
Volleyball,10/1/2026,Beecher,Clifton Central
Volleyball,10/1/2026,Grant Park,St. Anne
Volleyball,10/1/2026,Momence,Donovan
Volleyball,10/1/2026,IL Lutheran,Grace
Soccer,8/26/2025,Clifton Central,IL Lutheran
Soccer,8/26/2025,Momence,Beecher
Soccer,8/26/2025,St. Anne,Grant Park
Soccer,8/28/2025,Beecher,Clifton Central
Soccer,8/28/2025,Grant Park,IL Lutheran
Soccer,8/28/2025,St. Anne,Momence
Soccer,9/2/2025,Clifton Central,Grant Park
Soccer,9/2/2025,Beecher,St. Anne
Soccer,9/2/2025,IL Lutheran,Momence
Soccer,9/4/2025,St. Anne,Clifton Central
Soccer,9/4/2025,Momence,Grant Park
Soccer,9/4/2025,IL Lutheran,Beecher
Soccer,9/9/2025,Clifton Central,Momence
Soccer,9/9/2025,St. Anne,IL Lutheran
Soccer,9/9/2025,Grant Park,Beecher
Soccer,9/11/2025,IL Lutheran,Clifton Central
Soccer,9/11/2025,Beecher,Momence
Soccer,9/11/2025,Grant Park,St. Anne
Soccer,9/16/2025,Clifton Central,Beecher
Soccer,9/16/2025,IL Lutheran,Grant Park
Soccer,9/16/2025,Momence,St. Anne
Soccer,9/18/2025,Grant Park,Clifton Central
Soccer,9/18/2025,St. Anne,Beecher
Soccer,9/18/2025,Momence,IL Lutheran
Soccer,9/30/2025,Clifton Central,St. Anne
Soccer,9/30/2025,Grant Park,Momence
Soccer,9/30/2025,Beecher,IL Lutheran
Soccer,10/2/2025,Momence,Clifton Central
Soccer,10/2/2025,IL Lutheran,St. Anne
Soccer,10/2/2025,Beecher,Grant Park
Soccer,8/25/2026,IL Lutheran,Clifton Central
Soccer,8/25/2026,Beecher,Momence
Soccer,8/25/2026,Grant Park,St. Anne
Soccer,8/27/2026,Clifton Central,Beecher
Soccer,8/27/2026,IL Lutheran,Grant Park
Soccer,8/27/2026,Momence,St. Anne
Soccer,9/1/2026,Grant Park,Clifton Central
Soccer,9/1/2026,St. Anne,Beecher
Soccer,9/1/2026,Momence,IL Lutheran
Soccer,8/27/2026,Clifton Central,Beecher
Soccer,8/27/2026,Grant Park,Grant Park
Soccer,8/27/2026,Beecher,St. Anne
Soccer,9/1/2026,Grant Park,Clifton Central
Soccer,9/1/2026,St. Anne,Beecher
Soccer,9/1/2026,Momence,IL Lutheran
Soccer,9/3/2026,Clifton Central,St. Anne
Soccer,9/3/2026,Grant Park,Momence
Soccer,9/3/2026,Beecher,IL Lutheran
Soccer,9/8/2026,Momence,Clifton Central
Soccer,9/8/2026,IL Lutheran,St. Anne
Soccer,9/8/2026,Beecher,Grant Park
Soccer,9/3/2026,Clifton Central,St. Anne
Soccer,9/3/2026,Momence,Momence
Soccer,9/3/2026,St. Anne,IL Lutheran
Soccer,9/8/2026,Momence,Clifton Central
Soccer,9/8/2026,IL Lutheran,St. Anne
Soccer,9/8/2026,Beecher,Grant Park
Soccer,9/10/2026,Clifton Central,IL Lutheran
Soccer,9/10/2026,Momence,Beecher
Soccer,9/10/2026,St. Anne,Grant Park
Soccer,9/15/2026,Beecher,Clifton Central
Soccer,9/15/2026,Grant Park,IL Lutheran
Soccer,9/15/2026,St. Anne,Momence
Soccer,9/17/2026,Clifton Central,Grant Park
Soccer,9/17/2026,Beecher,St. Anne
Soccer,9/17/2026,IL Lutheran,Momence
Soccer,9/29/2026,St. Anne,Clifton Central
Soccer,9/29/2026,Momence,Grant Park
Soccer,9/29/2026,IL Lutheran,Beecher
Soccer,10/1/2026,Clifton Central,Momence
Soccer,10/1/2026,St. Anne,IL Lutheran
Soccer,10/1/2026,Grant Park,Beecher
Boys Basketball,12/2/2025,Beecher,Grant Park
Boys Basketball,12/2/2025,GSW,Clifton Central
Boys Basketball,12/2/2025,IL Lutheran,Tri-Point
Boys Basketball,12/2/2025,Momence,Grace
Boys Basketball,12/2/2025,St. Anne,Donovan
Boys Basketball,12/5/2025,Beecher,GSW
Boys Basketball,12/5/2025,Grant Park,Donovan
Boys Basketball,12/5/2025,Grace,St. Anne
Boys Basketball,12/5/2025,Tri-Point,Momence
Boys Basketball,12/5/2025,Clifton Central,IL Lutheran
Boys Basketball,12/9/2025,Momence,St. Anne
Boys Basketball,12/9/2025,Grant Park,Clifton Central
Boys Basketball,12/9/2025,Beecher,Tri-Point
Boys Basketball,12/9/2025,GSW,Grace
Boys Basketball,12/9/2025,IL Lutheran,Donovan
Boys Basketball,12/19/2025,St. Anne,Tri-Point
Boys Basketball,12/19/2025,Donovan,Grace
Boys Basketball,12/19/2025,GSW,Grant Park
Boys Basketball,12/19/2025,IL Lutheran,Beecher
Boys Basketball,12/19/2025,Momence,Clifton Central
Boys Basketball,1/6/2026,Clifton Central,St. Anne
Boys Basketball,1/6/2026,Beecher,Momence
Boys Basketball,1/6/2026,GSW,IL Lutheran
Boys Basketball,1/6/2026,Grant Park,Grace
Boys Basketball,1/6/2026,Tri-Point,Donovan
Boys Basketball,1/9/2026,Momence,GSW
Boys Basketball,1/9/2026,St. Anne,Beecher
Boys Basketball,1/9/2026,Donovan,Clifton Central
Boys Basketball,1/9/2026,Grace,Tri-Point
Boys Basketball,1/9/2026,IL Lutheran,Grant Park
Boys Basketball,1/13/2026,Grant Park,Tri-Point
Boys Basketball,1/13/2026,Clifton Central,Grace
Boys Basketball,1/13/2026,Beecher,Donovan
Boys Basketball,1/13/2026,GSW,St. Anne
Boys Basketball,1/13/2026,IL Lutheran,Momence
Boys Basketball,1/16/2026,Momence,Grant Park
Boys Basketball,1/16/2026,St. Anne,IL Lutheran
Boys Basketball,1/16/2026,Donovan,GSW
Boys Basketball,1/16/2026,Grace,Beecher
Boys Basketball,1/16/2026,Tri-Point,Clifton Central
Boys Basketball,1/23/2026,Tri-Point,GSW
Boys Basketball,1/23/2026,Clifton Central,Beecher
Boys Basketball,1/23/2026,St. Anne,Grant Park
Boys Basketball,1/23/2026,Donovan,Momence
Boys Basketball,1/23/2026,Grace,IL Lutheran
Boys Basketball,12/1/2026,Grant Park,Beecher
Boys Basketball,12/1/2026,Clifton Central,GSW
Boys Basketball,12/1/2026,Tri-Point,IL Lutheran
Boys Basketball,12/1/2026,Grace,Momence
Boys Basketball,12/1/2026,Donovan,St. Anne
Boys Basketball,12/4/2026,GSW,Beecher
Boys Basketball,12/4/2026,Donovan,Grant Park
Boys Basketball,12/4/2026,St. Anne,Grace
Boys Basketball,12/4/2026,Momence,Tri-Point
Boys Basketball,12/4/2026,IL Lutheran,Clifton Central
Boys Basketball,12/8/2026,St. Anne,Momence
Boys Basketball,12/8/2026,Clifton Central,Grant Park
Boys Basketball,12/8/2026,Tri-Point,Beecher
Boys Basketball,12/8/2026,Grace,GSW
Boys Basketball,12/8/2026,Donovan,IL Lutheran
Boys Basketball,12/15/2026,Tri-Point,St. Anne
Boys Basketball,12/15/2026,Grace,Donovan
Boys Basketball,12/15/2026,Grant Park,GSW
Boys Basketball,12/15/2026,Beecher,IL Lutheran
Boys Basketball,12/15/2026,Clifton Central,Momence
Boys Basketball,1/8/2027,GSW,Momence
Boys Basketball,1/8/2027,Beecher,St. Anne
Boys Basketball,1/8/2027,Clifton Central,Donovan
Boys Basketball,1/8/2027,Tri-Point,Grace
Boys Basketball,1/8/2027,Grant Park,IL Lutheran
Boys Basketball,1/12/2027,Tri-Point,Grant Park
Boys Basketball,1/12/2027,Grace,Clifton Central
Boys Basketball,1/12/2027,Donovan,Beecher
Boys Basketball,1/12/2027,St. Anne,GSW
Boys Basketball,1/12/2027,Momence,IL Lutheran
Boys Basketball,1/15/2027,Grant Park,Momence
Boys Basketball,1/15/2027,IL Lutheran,St. Anne
Boys Basketball,1/15/2027,GSW,Donovan
Boys Basketball,1/15/2027,Beecher,Grace
Boys Basketball,1/15/2027,Clifton Central,Tri-Point
Boys Basketball,1/22/2027,GSW,Tri-Point
Boys Basketball,1/22/2027,Beecher,Clifton Central
Boys Basketball,1/22/2027,Grant Park,St. Anne
Boys Basketball,1/22/2027,Momence,Donovan
Boys Basketball,1/26/2027,IL Lutheran,Grace
Boys Basketball,1/26/2027,St. Anne,Clifton Central
Boys Basketball,1/26/2027,Momence,Beecher
Boys Basketball,1/26/2027,IL Lutheran,GSW
Boys Basketball,1/26/2027,Grace,Grant Park
Boys Basketball,1/26/2027,Donovan,Tri-Point
Girls Basketball,11/18/2025,Beecher,Clifton Central
Girls Basketball,11/18/2025,GSW,Tri-Point
Girls Basketball,11/18/2025,Grant Park,Grace
Girls Basketball,11/18/2025,IL Lutheran,Momence
Girls Basketball,11/18/2025,Donovan,BYE
Girls Basketball,11/21/2025,GSW,Donovan
Girls Basketball,11/21/2025,Grant Park,Clifton Central
Girls Basketball,11/21/2025,IL Lutheran,Tri-Point
Girls Basketball,11/21/2025,Momence,Grace
Girls Basketball,11/21/2025,Beecher,BYE
Girls Basketball,12/1/2025,Grace,IL Lutheran
Girls Basketball,12/1/2025,Tri-Point,Grant Park
Girls Basketball,12/1/2025,Clifton Central,GSW
Girls Basketball,12/1/2025,Donovan,Beecher
Girls Basketball,12/1/2025,Momence,BYE
Girls Basketball,12/4/2025,Grant Park,Beecher
Girls Basketball,12/4/2025,IL Lutheran,Donovan
Girls Basketball,12/4/2025,Momence,Clifton Central
Girls Basketball,12/4/2025,Grace,Tri-Point
Girls Basketball,12/4/2025,GSW,BYE
Girls Basketball,12/8/2025,Tri-Point,Momence
Girls Basketball,12/8/2025,Clifton Central,IL Lutheran
Girls Basketball,12/8/2025,Donovan,Grant Park
Girls Basketball,12/8/2025,Beecher,GSW
Girls Basketball,12/8/2025,Grace,BYE
Girls Basketball,12/11/2025,Momence,Grant Park
Girls Basketball,12/11/2025,Grace,GSW
Girls Basketball,12/11/2025,Tri-Point,Beecher
Girls Basketball,12/11/2025,Clifton Central,Donovan
Girls Basketball,12/11/2025,IL Lutheran,BYE
Girls Basketball,12/15/2025,IL Lutheran,GSW
Girls Basketball,12/15/2025,Momence,Beecher
Girls Basketball,12/15/2025,Grace,Donovan
Girls Basketball,12/15/2025,Tri-Point,Clifton Central
Girls Basketball,12/15/2025,Grant Park,BYE
Girls Basketball,12/18/2025,Clifton Central,Grace
Girls Basketball,12/18/2025,Donovan,Momence
Girls Basketball,12/18/2025,Beecher,IL Lutheran
Girls Basketball,12/18/2025,GSW,Grant Park
Girls Basketball,12/18/2025,Tri-Point,BYE
Girls Basketball,1/5/2026,Tri-Point,Donovan
Girls Basketball,1/5/2026,Grace,Beecher
Girls Basketball,1/5/2026,Momence,GSW
Girls Basketball,1/5/2026,IL Lutheran,Grant Park
Girls Basketball,1/5/2026,Clifton Central,BYE
Girls Basketball,1/8/2026,Clifton Central,Beecher
Girls Basketball,1/8/2026,Tri-Point,GSW
Girls Basketball,1/8/2026,Grace,Grant Park
Girls Basketball,1/8/2026,Momence,IL Lutheran
Girls Basketball,1/8/2026,Donovan,BYE
Girls Basketball,1/12/2026,Donovan,Tri-Point
Girls Basketball,1/12/2026,Beecher,Grace
Girls Basketball,1/12/2026,GSW,Momence
Girls Basketball,1/12/2026,Grant Park,IL Lutheran
Girls Basketball,1/12/2026,Clifton Central,BYE
Girls Basketball,1/15/2026,Grant Park,Momence
Girls Basketball,1/15/2026,GSW,Grace
Girls Basketball,1/15/2026,Beecher,Tri-Point
Girls Basketball,1/15/2026,Donovan,Clifton Central
Girls Basketball,1/15/2026,IL Lutheran,BYE
Girls Basketball,1/20/2026,Donovan,GSW
Girls Basketball,1/20/2026,Clifton Central,Grant Park
Girls Basketball,1/20/2026,Tri-Point,IL Lutheran
Girls Basketball,1/20/2026,Grace,Momence
Girls Basketball,1/20/2026,Beecher,BYE
Girls Basketball,1/22/2026,IL Lutheran,Grace
Girls Basketball,1/22/2026,Grant Park,Tri-Point
Girls Basketball,1/22/2026,GSW,Clifton Central
Girls Basketball,1/22/2026,Beecher,Donovan
Girls Basketball,1/22/2026,Momence,BYE
Girls Basketball,1/26/2026,Beecher,Grant Park
Girls Basketball,1/26/2026,Donovan,IL Lutheran
Girls Basketball,1/26/2026,Clifton Central,Momence
Girls Basketball,1/26/2026,Tri-Point,Grace
Girls Basketball,1/26/2026,GSW,BYE
Girls Basketball,1/29/2026,Momence,Tri-Point
Girls Basketball,1/29/2026,IL Lutheran,Clifton Central
Girls Basketball,1/29/2026,Grant Park,Donovan
Girls Basketball,1/29/2026,GSW,Beecher
Girls Basketball,1/29/2026,Grace,BYE
Girls Basketball,2/2/2026,GSW,IL Lutheran
Girls Basketball,2/2/2026,Beecher,Momence
Girls Basketball,2/2/2026,Donovan,Grace
Girls Basketball,2/2/2026,Clifton Central,Tri-Point
Girls Basketball,2/2/2026,Grant Park,BYE
Girls Basketball,2/5/2026,Grace,Clifton Central
Girls Basketball,2/5/2026,Momence,Donovan
Girls Basketball,2/5/2026,IL Lutheran,Beecher
Girls Basketball,2/5/2026,Grant Park,GSW
Girls Basketball,2/5/2026,Tri-Point,BYE
Girls Basketball,11/17/2026,Clifton Central,Beecher
Girls Basketball,11/17/2026,Tri-Point,GSW
Girls Basketball,11/17/2026,Grace,Grant Park
Girls Basketball,11/17/2026,Momence,IL Lutheran
Girls Basketball,11/17/2026,BYE,Donovan
Girls Basketball,11/20/2026,Donovan,GSW
Girls Basketball,11/20/2026,Clifton Central,Grant Park
Girls Basketball,11/20/2026,Tri-Point,IL Lutheran
Girls Basketball,11/20/2026,Grace,Momence
Girls Basketball,11/20/2026,BYE,Beecher
Girls Basketball,11/30/2026,IL Lutheran,Grace
Girls Basketball,11/30/2026,Grant Park,Tri-Point
Girls Basketball,11/30/2026,GSW,Clifton Central
Girls Basketball,11/30/2026,Beecher,Donovan
Girls Basketball,11/30/2026,BYE,Momence
Girls Basketball,12/3/2026,Beecher,Grant Park
Girls Basketball,12/3/2026,Donovan,IL Lutheran
Girls Basketball,12/3/2026,Clifton Central,Momence
Girls Basketball,12/3/2026,Tri-Point,Grace
Girls Basketball,12/3/2026,BYE,GSW
Girls Basketball,12/7/2026,Momence,Tri-Point
Girls Basketball,12/7/2026,IL Lutheran,Clifton Central
Girls Basketball,12/7/2026,Grant Park,Donovan
Girls Basketball,12/7/2026,GSW,Beecher
Girls Basketball,12/7/2026,BYE,Grace
Girls Basketball,12/10/2026,Grant Park,Momence
Girls Basketball,12/10/2026,GSW,Grace
Girls Basketball,12/10/2026,Beecher,Tri-Point
Girls Basketball,12/10/2026,Donovan,Clifton Central
Girls Basketball,12/10/2026,BYE,IL Lutheran
Girls Basketball,12/14/2026,GSW,IL Lutheran
Girls Basketball,12/14/2026,Beecher,Momence
Girls Basketball,12/14/2026,Donovan,Grace
Girls Basketball,12/14/2026,Clifton Central,Tri-Point
Girls Basketball,12/14/2026,BYE,Grant Park
Girls Basketball,12/17/2026,Grace,Clifton Central
Girls Basketball,12/17/2026,Momence,Donovan
Girls Basketball,12/17/2026,IL Lutheran,Beecher
Girls Basketball,12/17/2026,Grant Park,GSW
Girls Basketball,12/17/2026,BYE,Tri-Point
Girls Basketball,12/21/2026,Tri-Point,Donovan
Girls Basketball,12/21/2026,Grace,Beecher
Girls Basketball,12/21/2026,Momence,GSW
Girls Basketball,12/21/2026,IL Lutheran,Grant Park
Girls Basketball,12/21/2026,BYE,Clifton Central
Girls Basketball,1/7/2027,Beecher,Clifton Central
Girls Basketball,1/7/2027,GSW,Tri-Point
Girls Basketball,1/7/2027,Grant Park,Grace
Girls Basketball,1/7/2027,IL Lutheran,Momence
Girls Basketball,1/7/2027,BYE,Donovan
Girls Basketball,1/11/2027,Donovan,Tri-Point
Girls Basketball,1/11/2027,Beecher,Grace
Girls Basketball,1/11/2027,GSW,Momence
Girls Basketball,1/11/2027,Grant Park,IL Lutheran
Girls Basketball,1/11/2027,BYE,Clifton Central
Girls Basketball,1/14/2027,Momence,Grant Park
Girls Basketball,1/14/2027,Grace,GSW
Girls Basketball,1/14/2027,Tri-Point,Beecher
Girls Basketball,1/14/2027,Clifton Central,Donovan
Girls Basketball,1/14/2027,BYE,IL Lutheran
Girls Basketball,1/19/2027,GSW,Donovan
Girls Basketball,1/19/2027,Grant Park,Clifton Central
Girls Basketball,1/19/2027,IL Lutheran,Tri-Point
Girls Basketball,1/19/2027,Momence,Grace
Girls Basketball,1/19/2027,BYE,Beecher
Girls Basketball,1/21/2027,Grace,IL Lutheran
Girls Basketball,1/21/2027,Tri-Point,Grant Park
Girls Basketball,1/21/2027,Clifton Central,GSW
Girls Basketball,1/21/2027,Donovan,Beecher
Girls Basketball,1/21/2027,BYE,Momence
Girls Basketball,2/1/2027,Grant Park,Beecher
Girls Basketball,2/1/2027,IL Lutheran,Donovan
Girls Basketball,2/1/2027,Momence,Clifton Central
Girls Basketball,2/1/2027,Grace,Tri-Point
Girls Basketball,2/1/2027,BYE,GSW
Girls Basketball,2/4/2027,Clifton Central,Grace
Girls Basketball,2/4/2027,Donovan,Momence
Girls Basketball,2/4/2027,Beecher,IL Lutheran
Girls Basketball,2/4/2027,GSW,Grant Park
Girls Basketball,2/4/2027,BYE,Tri-Point
Baseball,3/31/2026,Momence,Donovan
Baseball,3/31/2026,Grant Park,St. Anne
Baseball,3/31/2026,Clifton Central,IL Lutheran
Baseball,3/31/2026,GSW,Beecher
Baseball,4/2/2026,Donovan,Momence
Baseball,4/2/2026,St. Anne,Grant Park
Baseball,4/2/2026,IL Lutheran,Clifton Central
Baseball,4/2/2026,Beecher,GSW
Baseball,4/7/2026,Momence,IL Lutheran
Baseball,4/7/2026,St. Anne,Beecher
Baseball,4/7/2026,Donovan,GSW
Baseball,4/7/2026,Grant Park,Clifton Central
Baseball,4/9/2026,IL Lutheran,Momence
Baseball,4/9/2026,Beecher,St. Anne
Baseball,4/9/2026,GSW,Donovan
Baseball,4/9/2026,Clifton Central,Grant Park
Baseball,4/14/2026,Momence,GSW
Baseball,4/14/2026,Beecher,Clifton Central
Baseball,4/14/2026,IL Lutheran,Grant Park
Baseball,4/14/2026,St. Anne,Donovan
Baseball,4/16/2026,GSW,Momence
Baseball,4/16/2026,Clifton Central,Beecher
Baseball,4/16/2026,Grant Park,IL Lutheran
Baseball,4/16/2026,Donovan,St. Anne
Baseball,4/21/2026,Momence,Grant Park
Baseball,4/21/2026,Clifton Central,Donovan
Baseball,4/21/2026,GSW,St. Anne
Baseball,4/21/2026,Beecher,IL Lutheran
Baseball,4/23/2026,Grant Park,Momence
Baseball,4/23/2026,Donovan,Clifton Central
Baseball,4/23/2026,St. Anne,GSW
Baseball,4/23/2026,IL Lutheran,Beecher
Baseball,4/28/2026,Momence,St. Anne
Baseball,4/28/2026,Donovan,IL Lutheran
Baseball,4/28/2026,Grant Park,Beecher
Baseball,4/28/2026,Clifton Central,GSW
Baseball,4/30/2026,St. Anne,Momence
Baseball,4/30/2026,IL Lutheran,Donovan
Baseball,4/30/2026,Beecher,Grant Park
Baseball,4/30/2026,GSW,Clifton Central
Baseball,5/5/2026,Momence,Clifton Central
Baseball,5/5/2026,GSW,Grant Park
Baseball,5/5/2026,Beecher,Donovan
Baseball,5/5/2026,IL Lutheran,St. Anne
Baseball,5/7/2026,Clifton Central,Momence
Baseball,5/7/2026,Grant Park,GSW
Baseball,5/7/2026,Donovan,Beecher
Baseball,5/7/2026,St. Anne,IL Lutheran
Baseball,5/12/2026,Momence,Beecher
Baseball,5/12/2026,IL Lutheran,GSW
Baseball,5/12/2026,St. Anne,Clifton Central
Baseball,5/12/2026,Donovan,Grant Park
Baseball,5/14/2026,Beecher,Momence
Baseball,5/14/2026,GSW,IL Lutheran
Baseball,5/14/2026,Clifton Central,St. Anne
Baseball,5/14/2026,Grant Park,Donovan
Baseball,3/30/2027,Donovan,Momence
Baseball,3/30/2027,St. Anne,Grant Park
Baseball,3/30/2027,IL Lutheran,Clifton Central
Baseball,3/30/2027,Beecher,GSW
Baseball,4/1/2027,Momence,Donovan
Baseball,4/1/2027,Grant Park,St. Anne
Baseball,4/1/2027,Clifton Central,IL Lutheran
Baseball,4/1/2027,GSW,Beecher
Baseball,4/6/2027,IL Lutheran,Momence
Baseball,4/6/2027,Beecher,St. Anne
Baseball,4/6/2027,GSW,Donovan
Baseball,4/6/2027,Clifton Central,Grant Park
Baseball,4/8/2027,Momence,IL Lutheran
Baseball,4/8/2027,St. Anne,Beecher
Baseball,4/8/2027,Donovan,GSW
Baseball,4/8/2027,Grant Park,Clifton Central
Baseball,4/13/2027,GSW,Momence
Baseball,4/13/2027,Clifton Central,Beecher
Baseball,4/13/2027,Grant Park,IL Lutheran
Baseball,4/13/2027,Donovan,St. Anne
Baseball,4/15/2027,Momence,GSW
Baseball,4/15/2027,Beecher,Clifton Central
Baseball,4/15/2027,IL Lutheran,Grant Park
Baseball,4/15/2027,St. Anne,Donovan
Baseball,4/20/2027,Grant Park,Momence
Baseball,4/20/2027,Donovan,Clifton Central
Baseball,4/20/2027,St. Anne,GSW
Baseball,4/20/2027,IL Lutheran,Beecher
Baseball,4/22/2027,Momence,Grant Park
Baseball,4/22/2027,Clifton Central,Donovan
Baseball,4/22/2027,GSW,St. Anne
Baseball,4/22/2027,Beecher,IL Lutheran
Baseball,4/27/2027,St. Anne,Momence
Baseball,4/27/2027,IL Lutheran,Donovan
Baseball,4/27/2027,Beecher,Grant Park
Baseball,4/27/2027,GSW,Clifton Central
Baseball,4/29/2027,Momence,St. Anne
Baseball,4/29/2027,Donovan,IL Lutheran
Baseball,4/29/2027,Grant Park,Beecher
Baseball,4/29/2027,Clifton Central,GSW
Baseball,5/3/2027,Clifton Central,Momence
Baseball,5/3/2027,Grant Park,GSW
Baseball,5/3/2027,Donovan,Beecher
Baseball,5/3/2027,St. Anne,IL Lutheran
Baseball,5/6/2027,Momence,Clifton Central
Baseball,5/6/2027,GSW,Grant Park
Baseball,5/6/2027,Beecher,Donovan
Baseball,5/6/2027,IL Lutheran,St. Anne
Baseball,5/11/2027,Beecher,Momence
Baseball,5/11/2027,GSW,IL Lutheran
Baseball,5/11/2027,Clifton Central,St. Anne
Baseball,5/11/2027,Grant Park,Donovan
Baseball,5/13/2027,Momence,Beecher
Baseball,5/13/2027,IL Lutheran,GSW
Baseball,5/13/2027,St. Anne,Clifton Central
Baseball,5/13/2027,Donovan,Grant Park
Softball,3/31/2026,Momence,Donovan
Softball,3/31/2026,Grant Park,St. Anne
Softball,3/31/2026,Clifton Central,IL Lutheran
Softball,3/31/2026,GSW,Beecher
Softball,4/2/2026,Donovan,Momence
Softball,4/2/2026,St. Anne,Grant Park
Softball,4/2/2026,IL Lutheran,Clifton Central
Softball,4/2/2026,Beecher,GSW
Softball,4/7/2026,Momence,IL Lutheran
Softball,4/7/2026,St. Anne,Beecher
Softball,4/7/2026,Donovan,GSW
Softball,4/7/2026,Grant Park,Clifton Central
Softball,4/9/2026,IL Lutheran,Momence
Softball,4/9/2026,Beecher,St. Anne
Softball,4/9/2026,GSW,Donovan
Softball,4/9/2026,Clifton Central,Grant Park
Softball,4/14/2026,Momence,GSW
Softball,4/14/2026,Beecher,Clifton Central
Softball,4/14/2026,IL Lutheran,Grant Park
Softball,4/14/2026,St. Anne,Donovan
Softball,4/16/2026,GSW,Momence
Softball,4/16/2026,Clifton Central,Beecher
Softball,4/16/2026,Grant Park,IL Lutheran
Softball,4/16/2026,Donovan,St. Anne
Softball,4/21/2026,Momence,Grant Park
Softball,4/21/2026,Clifton Central,Donovan
Softball,4/21/2026,GSW,St. Anne
Softball,4/21/2026,Beecher,IL Lutheran
Softball,4/23/2026,Grant Park,Momence
Softball,4/23/2026,Donovan,Clifton Central
Softball,4/23/2026,St. Anne,GSW
Softball,4/23/2026,IL Lutheran,Beecher
Softball,4/28/2026,Momence,St. Anne
Softball,4/28/2026,Donovan,IL Lutheran
Softball,4/28/2026,Grant Park,Beecher
Softball,4/28/2026,Clifton Central,GSW
Softball,4/30/2026,St. Anne,Momence
Softball,4/30/2026,IL Lutheran,Donovan
Softball,4/30/2026,Beecher,Grant Park
Softball,4/30/2026,GSW,Clifton Central
Softball,5/5/2026,Momence,Clifton Central
Softball,5/5/2026,GSW,Grant Park
Softball,5/5/2026,Beecher,Donovan
Softball,5/5/2026,IL Lutheran,St. Anne
Softball,5/7/2026,Clifton Central,Momence
Softball,5/7/2026,Grant Park,GSW
Softball,5/7/2026,Donovan,Beecher
Softball,5/7/2026,St. Anne,IL Lutheran
Softball,5/12/2026,Momence,Beecher
Softball,5/12/2026,IL Lutheran,GSW
Softball,5/12/2026,St. Anne,Clifton Central
Softball,5/12/2026,Donovan,Grant Park
Softball,5/14/2026,Beecher,Momence
Softball,5/14/2026,GSW,IL Lutheran
Softball,5/14/2026,Clifton Central,St. Anne
Softball,5/14/2026,Grant Park,Donovan
Softball,3/30/2027,Donovan,Momence
Softball,3/30/2027,St. Anne,Grant Park
Softball,3/30/2027,IL Lutheran,Clifton Central
Softball,3/30/2027,Beecher,GSW
Softball,4/1/2027,Momence,Donovan
Softball,4/1/2027,Grant Park,St. Anne
Softball,4/1/2027,Clifton Central,IL Lutheran
Softball,4/1/2027,GSW,Beecher
Softball,4/6/2027,IL Lutheran,Momence
Softball,4/6/2027,Beecher,St. Anne
Softball,4/6/2027,GSW,Donovan
Softball,4/6/2027,Clifton Central,Grant Park
Softball,4/8/2027,Momence,IL Lutheran
Softball,4/8/2027,St. Anne,Beecher
Softball,4/8/2027,Donovan,GSW
Softball,4/8/2027,Grant Park,Clifton Central
Softball,4/13/2027,GSW,Momence
Softball,4/13/2027,Clifton Central,Beecher
Softball,4/13/2027,Grant Park,IL Lutheran
Softball,4/13/2027,Donovan,St. Anne
Softball,4/15/2027,Momence,GSW
Softball,4/15/2027,Beecher,Clifton Central
Softball,4/15/2027,IL Lutheran,Grant Park
Softball,4/15/2027,St. Anne,Donovan
Softball,4/20/2027,Grant Park,Momence
Softball,4/20/2027,Donovan,Clifton Central
Softball,4/20/2027,St. Anne,GSW
Softball,4/20/2027,IL Lutheran,Beecher
Softball,4/22/2027,Momence,Grant Park
Softball,4/22/2027,Clifton Central,Donovan
Softball,4/22/2027,GSW,St. Anne
Softball,4/22/2027,Beecher,IL Lutheran
Softball,4/27/2027,St. Anne,Momence
Softball,4/27/2027,IL Lutheran,Donovan
Softball,4/27/2027,Beecher,Grant Park
Softball,4/27/2027,GSW,Clifton Central
Softball,4/29/2027,Momence,St. Anne
Softball,4/29/2027,Donovan,IL Lutheran
Softball,4/29/2027,Grant Park,Beecher
Softball,4/29/2027,Clifton Central,GSW
Softball,5/3/2027,Clifton Central,Momence
Softball,5/3/2027,Grant Park,GSW
Softball,5/3/2027,Donovan,Beecher
Softball,5/3/2027,St. Anne,IL Lutheran
Softball,5/6/2027,Momence,Clifton Central
Softball,5/6/2027,GSW,Grant Park
Softball,5/6/2027,Beecher,Donovan
Softball,5/6/2027,IL Lutheran,St. Anne
Softball,5/11/2027,Beecher,Momence
Softball,5/11/2027,GSW,IL Lutheran
Softball,5/11/2027,Clifton Central,St. Anne
Softball,5/11/2027,Grant Park,Donovan
Softball,5/13/2027,Momence,Beecher
Softball,5/13/2027,IL Lutheran,GSW
Softball,5/13/2027,St. Anne,Clifton Central
Softball,5/13/2027,Donovan,Grant Park